id,Tg,FFV,Tc,Density,Rg
1109053969,207.88933,0.37589884,0.19960499,1.1533732,19.84024
1422188626,231.05473,0.3858292,0.23529997,1.0706316,20.85075
2032016830,59.125225,0.34960762,0.26616716,1.118124,20.551605
