id,Tg,FFV,Tc,Density,Rg
1109053969,191.74432,0.37235966,0.20621452,1.1553643,20.309034
1422188626,212.47305,0.38233778,0.24761766,1.0633569,21.450066
2032016830,77.72751,0.35547173,0.27202296,1.1076782,20.690458
