Id,Predicted
0,207.88933
1,0.37589884
2,0.19960499
3,1.1533732
4,19.84024
5,231.05473
6,0.3858292
7,0.23529997
8,1.0706316
9,20.85075
10,59.125225
11,0.34960762
12,0.26616716
13,1.118124
14,20.551605
