Id,Predicted
0,191.74432
1,0.37235966
2,0.20621452
3,1.1553643
4,20.309034
5,212.47305
6,0.38233778
7,0.24761766
8,1.0633569
9,21.450066
10,77.72751
11,0.35547173
12,0.27202296
13,1.1076782
14,20.690458
