Id,Predicted
0,175.59932
1,0.3688205
2,0.21282403
3,1.1573553
4,20.777828
5,193.89139
6,0.37884635
7,0.25993535
8,1.0560821
9,22.049383
10,96.329796
11,0.36133584
12,0.27787876
13,1.0972325
14,20.829311
