id,Tg,FFV,Tc,Density,Rg
1109053969,112.53585299688147,0.36970526347341404,0.2563340925243921,0.9854843785473109,16.419786709543967
1422188626,97.22424932632175,0.3818560097801705,0.2563340925243921,0.9854843785473105,16.419786709543995
2032016830,84.93498531443306,0.35478249604035456,0.2556107515991483,0.9870062399363639,16.419786709543956
